"","Point Forecast","Lo 80","Hi 80","Lo 95","Hi 95","values"
"2015.0000",19318.9724344669,17789.8282941491,20848.1165747848,16980.3482832648,21657.5965856691,2015-01-01
"2015.0027",19706.1699268509,17529.503493298,21882.8363604038,16377.2458860082,23035.0939676936,2015-01-02
"2015.0055",20291.4656253518,18070.3009451932,22512.6303055104,16894.487389058,23688.4438616456,2015-01-03
"2015.0082",20636.6198278494,18414.8515482815,22858.3881074172,17238.7184659201,24034.5211897786,2015-01-04
"2015.0110",21071.9973916976,18850.2208417372,23293.773941658,17674.0833812945,24469.9114021007,2015-01-05
"2015.0137",21543.5059817176,19321.7293184226,23765.2826450125,18145.5917979842,24941.4201654509,2015-01-06
"2015.0164",22040.8989780499,19819.1223132018,24262.6756428979,18642.9847919413,25438.8131641585,2015-01-07
"2015.0192",22548.4230924085,20326.6464275392,24770.1997572778,19150.5089062673,25946.3372785497,2015-01-08
"2015.0219",23051.3755669487,20829.5989020791,25273.1522318183,19653.4613808071,26449.2897530903,2015-01-09
"2015.0247",23536.0682993956,21314.2916345259,25757.8449642652,20138.1541132539,26933.9824855372,2015-01-10
"2015.0274",23990.4772587681,21768.7005938985,26212.2539236378,20592.5630726265,27388.3914449097,2015-01-11
"2015.0301",24404.692759098,22182.9160942284,26626.4694239677,21006.7785729564,27802.6069452397,2015-01-12
"2015.0329",24771.2494868054,22549.4728219358,26993.026151675,21373.3353006638,28169.163672947,2015-01-13
"2015.0356",25085.3114740734,22863.5348092037,27307.088138943,21687.3972879318,28483.225660215,2015-01-14
"2015.0384",25344.7091261484,23122.9324612788,27566.485791018,21946.7949400068,28742.62331229,2015-01-15
"2015.0411",25549.8327067489,23328.0560418793,27771.6093716185,22151.9185206073,28947.7468928905,2015-01-16
"2015.0438",25703.3951616315,23481.6184967618,27925.1718265011,22305.4809754899,29101.3093477731,2015-01-17
"2015.0466",25810.0843943896,23588.30772952,28031.8610592592,22412.170208248,29207.9985805312,2015-01-18
"2015.0493",25876.1308945615,23654.3542296919,28097.9075594311,22478.2167084199,29274.0450807031,2015-01-19
"2015.0521",25908.8206035874,23687.0439387178,28130.597268457,22510.9064174458,29306.734789729,2015-01-20
"2015.0548",25915.9848894183,23694.2082245487,28137.7615542879,22518.0707032767,29313.8990755599,2015-01-21
"2015.0575",25905.4994171407,23683.7227522711,28127.2760820103,22507.5852309991,29303.4136032823,2015-01-22
"2015.0603",25884.8216192337,23663.0449543641,28106.5982841034,22486.9074330921,29282.7358053753,2015-01-23
"2015.0630",25860.5925825505,23638.8159176809,28082.3692474201,22462.6783964089,29258.5067686921,2015-01-24
"2015.0658",25838.3237906885,23616.5471258189,28060.1004555582,22440.4096045469,29236.2379768301,2015-01-25
"2015.0685",25822.182691079,23600.4060262094,28043.9593559486,22424.2685049374,29220.0968772206,2015-01-26
"2015.0712",25814.883958104,23593.1072932344,28036.6606229737,22416.9697719624,29212.7981442456,2015-01-27
"2015.0740",25817.6860877931,23595.9094229235,28039.4627526628,22419.7719016515,29215.6002739347,2015-01-28
"2015.0767",25830.4860719823,23608.7094071127,28052.2627368519,22432.5718858407,29228.4002581239,2015-01-29
"2015.0795",25851.9988081381,23630.2221432684,28073.7754730077,22454.0846219964,29249.9129942797,2015-01-30
"2015.0822",25880.0029857458,23658.2263208761,28101.7796506154,22482.0887996041,29277.9171718874,2015-01-31
"2015.0849",25911.631739807,23689.8550749374,28133.4084046766,22513.7175536654,29309.5459259486,2015-02-01
"2015.0877",25943.6845558646,23721.9078909949,28165.4612207342,22545.770369723,29341.5987420062,2015-02-02
"2015.0904",25972.9368095172,23751.1601446476,28194.7134743868,22575.0226233756,29370.8509956588,2015-02-03
"2015.0932",25996.4248671345,23774.6482022648,28218.2015320041,22598.5106809929,29394.3390532761,2015-02-04
"2015.0959",26011.6876913644,23789.9110264948,28233.464356234,22613.7735052228,29409.601877506,2015-02-05
"2015.0986",26016.9501154035,23795.1734505339,28238.7267802731,22619.0359292619,29414.8643015451,2015-02-06
"2015.1014",26011.2380282112,23789.4613633416,28233.0146930808,22613.3238420696,29409.1522143528,2015-02-07
"2015.1041",25994.421253658,23772.6445887883,28216.1979185276,22596.5070675163,29392.3354397996,2015-02-08
"2015.1068",25967.1854945438,23745.4088296742,28188.9621594134,22569.2713084022,29365.0996806854,2015-02-09
"2015.1096",25930.9399419715,23709.1632771019,28152.7166068411,22533.0257558299,29328.8541281131,2015-02-10
"2015.1123",25887.6716548859,23665.8949900162,28109.4483197555,22489.7574687443,29285.5858410275,2015-02-11
"2015.1151",25839.7612909209,23617.9846260512,28061.5379557905,22441.8471047793,29237.6754770625,2015-02-12
"2015.1178",25789.7769995642,23568.0003346946,28011.5536644339,22391.8628134226,29187.6911857059,2015-02-13
"2015.1205",25740.2641515376,23518.487486668,27962.0408164073,22342.349965396,29138.1783376792,2015-02-14
"2015.1233",25693.5480580074,23471.7713931377,27915.324722877,22295.6338718657,29091.462244149,2015-02-15
"2015.1260",25651.5650164738,23429.7883516042,27873.3416813434,22253.6508303322,29049.4792026154,2015-02-16
"2015.1288",25615.7340876727,23393.957422803,27837.5107525423,22217.819901531,29013.6482738143,2015-02-17
"2015.1315",25586.8782187722,23365.1015539026,27808.6548836419,22188.9640326306,28984.7924049138,2015-02-18
"2015.1342",25565.1989992437,23343.4223343741,27786.9756641133,22167.2848131021,28963.1131853853,2015-02-19
"2015.1370",25550.3048163217,23328.5281514521,27772.0814811914,22152.3906301801,28948.2190024633,2015-02-20
"2015.1397",25541.2878221182,23319.5111572485,27763.0644869878,22143.3736359766,28939.2020082598,2015-02-21
"2015.1425",25536.8412684638,23315.0646035942,27758.6179333334,22138.9270823222,28934.7554546054,2015-02-22
"2015.1452",25535.405697106,23313.6290322364,27757.1823619756,22137.4915109644,28933.3198832476,2015-02-23
"2015.1479",25535.3304141258,23313.5537492562,27757.1070789955,22137.4162279842,28933.2446002674,2015-02-24
"2015.1507",25535.035768388,23313.2591035184,27756.8124332576,22137.1215822464,28932.9499545296,2015-02-25
"2015.1534",25533.1620431458,23311.3853782762,27754.9387080154,22135.2478570042,28931.0762292874,2015-02-26
"2015.1562",25528.6922126205,23306.9155477509,27750.4688774901,22130.7780264789,28926.6063987621,2015-02-27
"2015.1589",25521.0382776414,23299.2616127718,27742.814942511,22123.1240914998,28918.952463783,2015-02-28
"2015.1616",25510.0841650345,23288.3075001649,27731.8608299041,22112.1699788929,28907.9983511761,2015-03-01
"2015.1644",25496.1819828102,23274.4053179406,27717.9586476798,22098.2677966686,28894.0961689518,2015-03-02
"2015.1671",25480.1024568946,23258.3257920249,27701.8791217642,22082.1882707529,28878.0166430362,2015-03-03
"2015.1699",25462.944310023,23241.1676451533,27684.7209748926,22065.0301238813,28860.8584961646,2015-03-04
"2015.1726",25446.0108646819,23224.2341998123,27667.7875295515,22048.0966785403,28843.9250508235,2015-03-05
"2015.1753",25430.664979245,23208.8883143753,27652.4416441146,22032.7507931034,28828.5791653866,2015-03-06
"2015.1781",25418.175334996,23196.3986701263,27639.9519998656,22020.2611488543,28816.0895211376,2015-03-07
"2015.1808",25409.5679294542,23187.7912645846,27631.3445943238,22011.6537433126,28807.4821155958,2015-03-08
"2015.1836",25405.49633016,23183.7196652904,27627.2729950296,22007.5821440184,28803.4105163016,2015-03-09
"2015.1863",25406.1428235849,23184.3661587152,27627.9194884545,22008.2286374433,28804.0570097265,2015-03-10
"2015.1890",25411.160163975,23189.3834991054,27632.9368288446,22013.2459778334,28809.0743501166,2015-03-11
"2015.1918",25419.6603733789,23197.8837085093,27641.4370382486,22021.7461872373,28817.5745595205,2015-03-12
"2015.1945",25430.2532180665,23208.4765531968,27652.0298829361,22032.3390319249,28828.1674042081,2015-03-13
"2015.1973",25441.1328847136,23219.356219844,27662.9095495833,22043.218698572,28839.0470708553,2015-03-14
"2015.2000",25450.2073218317,23228.4306569621,27671.9839867013,22052.2931356901,28848.1215079733,2015-03-15
"2015.2027",25455.2610165474,23233.4843516778,27677.0376814171,22057.3468304058,28853.1752026891,2015-03-16
"2015.2055",25454.1389373608,23232.3622724912,27675.9156022305,22056.2247512192,28852.0531235024,2015-03-17
"2015.2082",25444.9372358499,23223.1605709803,27666.7139007195,22047.0230497083,28842.8514219915,2015-03-18
"2015.2110",25426.185244248,23204.4085793783,27647.9619091176,22028.2710581064,28824.0994303896,2015-03-19
"2015.2137",25397.0034312095,23175.2267663399,27618.7800960792,21999.0892450679,28794.9176173511,2015-03-20
"2015.2164",25357.2232968269,23135.4466319573,27578.9999616966,21959.3091106853,28755.1374829685,2015-03-21
"2015.2192",25307.4576226175,23085.6809577479,27529.2342874872,21909.5434364759,28705.3718087591,2015-03-22
"2015.2219",25249.1128810833,23027.3362162137,27470.889545953,21851.1986949417,28647.027067225,2015-03-23
"2015.2247",25184.3397179221,22962.5630530525,27406.1163827917,21786.4255317805,28582.2539040637,2015-03-24
"2015.2274",25115.9219571598,22894.1452922901,27337.6986220294,21718.0077710182,28513.8361433014,2015-03-25
"2015.2301",25047.1092190799,22825.3325542103,27268.8858839496,21649.1950329383,28445.0234052215,2015-03-26
"2015.2329",24981.4026446038,22759.6259797341,27203.1793094734,21583.4884584622,28379.3168307454,2015-03-27
"2015.2356",24922.3070619757,22700.530397106,27144.0837268453,21524.3928758341,28320.2212481173,2015-03-28
"2015.2384",24873.0659225601,22651.2892576905,27094.8425874297,21475.1517364185,28270.9801087017,2015-03-29
"2015.2411",24836.397239759,22614.6205748893,27058.1739046286,21438.4830536174,28234.3114259006,2015-03-30
"2015.2438",24814.2494302383,22592.4727653687,27036.0260951079,21416.3352440967,28212.1636163799,2015-03-31
"2015.2466",24807.5953075632,22585.8186426935,27029.3719724328,21409.6811214215,28205.5094937048,2015-04-01
"2015.2493",24816.2805344798,22594.5038696102,27038.0571993494,21418.3663483382,28214.1947206214,2015-04-02
"2015.2521",24838.9397119555,22617.1630470859,27060.7163768251,21441.0255258139,28236.8538980971,2015-04-03
"2015.2548",24872.9891649844,22651.2125001148,27094.765829854,21475.0749788428,28270.903351126,2015-04-04
"2015.2575",24914.7006421324,22692.9239772627,27136.477307002,21516.7864559908,28312.614828274,2015-04-05
"2015.2603",24959.3548955423,22737.5782306726,27181.1315604119,21561.4407094006,28357.2690816839,2015-04-06
"2015.2630",25001.4687993563,22779.6921344866,27223.2454642259,21603.5546132147,28399.3829854979,2015-04-07
"2015.2658",25035.0846530282,22813.3079881586,27256.8613178978,21637.1704668866,28432.9988391698,2015-04-08
"2015.2685",25054.105940381,22832.3292755113,27275.8826052506,21656.1917542393,28452.0201265226,2015-04-09
"2015.2712",25052.6603737566,22830.8837088869,27274.4370386262,21654.746187615,28450.5745598982,2015-04-10
"2015.2740",25025.4687828585,22803.6921179889,27247.2454477282,21627.5545967169,28423.3829690002,2015-04-11
"2015.2767",24968.1974708676,22746.420805998,27189.9741357373,21570.283284726,28366.1116570093,2015-04-12
"2015.2795",24877.7721296658,22655.9954647962,27099.5487945355,21479.8579435242,28275.6863158074,2015-04-13
"2015.2822",24752.6332628485,22530.8565979789,26974.4099277182,21354.7190767069,28150.5474489901,2015-04-14
"2015.2849",24592.9162002489,22371.1395353793,26814.6928651185,21195.0020141073,27990.8303863905,2015-04-15
"2015.2877",24400.543008434,22178.7663435644,26622.3196733037,21002.6288222924,27798.4571945757,2015-04-16
"2015.2904",24179.2186455767,21957.4419807071,26400.9953104463,20781.3044594351,27577.1328317183,2015-04-17
"2015.2932",23934.3292614892,21712.5525966196,26156.1059263589,20536.4150753476,27332.2434476308,2015-04-18
"2015.2959",23672.7462583965,21450.9695935268,25894.5229232661,20274.8320722549,27070.6604445381,2015-04-19
"2015.2986",23402.5452507559,21180.7685858862,25624.3219156255,20004.6310646143,26800.4594368975,2015-04-20
"2015.3014",23132.6540533306,20910.8773884609,25354.4307182002,19734.739867189,26530.5682394722,2015-04-21
"2015.3041",22872.4479825069,20650.6713176373,25094.2246473765,19474.5337963653,26270.3621686485,2015-04-22
"2015.3068",22631.3138287946,20409.537163925,24853.0904936642,19233.399642653,26029.2280149362,2015-04-23
"2015.3096",22418.2056714735,20196.4290066038,24639.9823363431,19020.2914853319,25816.1198576151,2015-04-24
"2015.3123",22241.2161631656,20019.4394982959,24462.9928280352,18843.301977024,25639.1303493072,2015-04-25
"2015.3151",22107.1860018992,19885.4093370295,24328.9626667688,18709.2718157576,25505.1001880408,2015-04-26
"2015.3178",22021.3721046186,19799.595439749,24243.1487694883,18623.457918477,25419.2862907602,2015-04-27
"2015.3205",21987.1916506521,19765.4149857825,24208.9683155217,18589.2774645105,25385.1058367937,2015-04-28
"2015.3233",22006.0548944811,19784.2782296114,24227.8315593507,18608.1407083395,25403.9690806227,2015-04-29
"2015.3260",22077.2947234559,19855.5180585862,24299.0713883255,18679.3805373143,25475.2089095975,2015-04-30
"2015.3288",22198.1956598473,19976.4189949777,24419.972324717,18800.2814737057,25596.1098459889,2015-05-01
"2015.3315",22364.1196926956,20142.343027826,24585.8963575652,18966.205506554,25762.0338788372,2015-05-02
"2015.3342",22568.721281007,20346.9446161374,24790.4979458766,19170.8070948654,25966.6354671486,2015-05-03
"2015.3370",22804.2393775398,20582.4627126702,25026.0160424095,19406.3251913982,26202.1535636814,2015-05-04
"2015.3397",23061.8506205939,20840.0739557242,25283.6272854635,19663.9364344523,26459.7648067355,2015-05-05
"2015.3425",23332.0651128915,21110.2884480219,25553.8417777611,19934.1509267499,26729.9792990331,2015-05-06
"2015.3452",23605.1445698746,21383.367905005,25826.9212347443,20207.230383733,27003.0587560162,2015-05-07
"2015.3479",23871.5221231714,21649.7454583017,26093.298788041,20473.6079370298,27269.436309313,2015-05-08
"2015.3507",24122.2036879682,21900.4270230986,26343.9803528378,20724.2895018266,27520.1178741098,2015-05-09
"2015.3534",24349.1324602601,22127.3557953905,26570.9091251297,20951.2182741185,27747.0466464017,2015-05-10
"2015.3562",24545.5006600426,22323.723995173,26767.2773249122,21147.586473901,27943.4148461842,2015-05-11
"2015.3589",24705.9958936485,22484.2192287789,26927.7725585181,21308.0817075069,28103.9100797901,2015-05-12
"2015.3616",24826.9732563364,22605.1965914667,27048.749921206,21429.0590701947,28224.887442478,2015-05-13
"2015.3644",24906.5483032176,22684.771638348,27128.3249680872,21508.634117076,28304.4624893592,2015-05-14
"2015.3671",24944.6100507152,22722.8333858456,27166.3867155849,21546.6958645736,28342.5242368568,2015-05-15
"2015.3699",24942.7570139607,22720.9803490911,27164.5336788303,21544.8428278191,28340.6712001023,2015-05-16
"2015.3726",24904.1627460915,22682.3860812219,27125.9394109612,21506.2485599499,28302.0769322331,2015-05-17
"2015.3753",24833.38026753,22611.6036026604,27055.1569323996,21435.4660813884,28231.2944536716,2015-05-18
"2015.3781",24736.0970438723,22514.3203790026,26957.8737087419,21338.1828577307,28134.0112300139,2015-05-19
"2015.3808",24618.8537228566,22397.077057987,26840.6303877262,21220.939536715,28016.7679089982,2015-05-20
"2015.3836",24488.7406528762,22266.9639880066,26710.5173177459,21090.8264667346,27886.6548390178,2015-05-21
"2015.3863",24353.086299551,22131.3096346814,26574.8629644206,20955.1721134094,27751.0004856926,2015-05-22
"2015.3890",24219.1511122678,21997.3744473981,26440.9277771374,20821.2369261261,27617.0652984094,2015-05-23
"2015.3918",24093.839258498,21872.0625936283,26315.6159233676,20695.9250723564,27491.7534446396,2015-05-24
"2015.3945",23983.4390503442,21761.6623854746,26205.2157152139,20585.5248642026,27381.3532364858,2015-05-25
"2015.3973",23893.4009571834,21671.6242923138,26115.177622053,20495.4867710418,27291.315143325,2015-05-26
"2015.4000",23828.1599553376,21606.383290468,26049.9366202072,20430.245769196,27226.0741414792,2015-05-27
"2015.4027",23791.0067300241,21569.2300651545,26012.7833948938,20393.0925438825,27188.9209161658,2015-05-28
"2015.4055",23784.0100241751,21562.2333593055,26005.7866890448,20386.0958380335,27181.9242103168,2015-05-29
"2015.4082",23807.9903141837,21586.213649314,26029.7669790533,20410.0761280421,27205.9045003253,2015-05-30
"2015.4110",23862.5430558738,21640.7663910041,26084.3197207434,20464.6288697322,27260.4572420154,2015-05-31
"2015.4137",23946.1080363736,21724.331371504,26167.8847012432,20548.193850232,27344.0222225152,2015-06-01
"2015.4164",24056.079921163,21834.3032562933,26277.8565860326,20658.1657350214,27453.9941073046,2015-06-02
"2015.4192",24188.9539155636,21967.177250694,26410.7305804333,20791.039729422,27586.8681017052,2015-06-03
"2015.4219",24340.4995681516,22118.7229032819,26562.2762330212,20942.58538201,27738.4137542932,2015-06-04
"2015.4247",24505.9551223875,22284.1784575178,26727.7317872571,21108.0409362458,27903.8693085291,2015-06-05
"2015.4274",24680.2344591915,22458.4577943218,26902.0111240611,21282.3202730498,28078.1486453331,2015-06-06
"2015.4301",24858.1385523811,22636.3618875114,27079.9152172507,21460.2243662395,28256.0527385227,2015-06-07
"2015.4329",25034.5634668705,22812.7868020009,27256.3401317401,21636.6492807289,28432.4776530121,2015-06-08
"2015.4356",25204.6972547791,22982.9205899095,27426.4739196487,21806.7830686375,28602.6114409207,2015-06-09
"2015.4384",25364.1986384246,23142.421973555,27585.9753032942,21966.284452283,28762.1128245662,2015-06-10
"2015.4411",25509.3511048717,23287.5744400021,27731.1277697413,22111.4369187301,28907.2652910133,2015-06-11
"2015.4438",25637.186967626,23415.4103027564,27858.9636324956,22239.2727814844,29035.1011537676,2015-06-12
"2015.4466",25745.5770680148,23523.8004031451,27967.3537328844,22347.6628818732,29143.4912541564,2015-06-13
"2015.4493",25833.2830769989,23611.5064121293,28055.0597418685,22435.3688908573,29231.1972631405,2015-06-14
"2015.4521",25899.9707943632,23678.1941294936,28121.7474592328,22502.0566082216,29297.8849805048,2015-06-15
"2015.4548",25946.1843922891,23724.4077274195,28167.9610571587,22548.2702061475,29344.0985784307,2015-06-16
"2015.4575",25973.2831677713,23751.5065029017,28195.059832641,22575.3689816297,29371.1973539129,2015-06-17
"2015.4603",25983.3439942506,23761.567329381,28205.1206591202,22585.429808109,29381.2581803922,2015-06-18
"2015.4630",25979.0342270734,23757.2575622038,28200.810891943,22581.1200409318,29376.948413215,2015-06-19
"2015.4658",25963.4612415248,23741.6845766552,28185.2379063944,22565.5470553832,29361.3754276664,2015-06-20
"2015.4685",25940.0059837409,23718.2293188712,28161.7826486105,22542.0917975992,29337.9201698825,2015-06-21
"2015.4712",25912.1488128209,23690.3721479512,28133.9254776905,22514.2346266793,29310.0629989625,2015-06-22
"2015.4740",25883.2964336927,23661.5197688231,28105.0730985624,22485.3822475511,29281.2106198343,2015-06-23
"2015.4767",25856.6188058409,23634.8421409713,28078.3954707105,22458.7046196993,29254.5329919825,2015-06-24
"2015.4795",25834.9045245879,23613.1278597183,28056.6811894576,22436.9903384463,29232.8187107295,2015-06-25
"2015.4822",25820.4422969098,23598.6656320402,28042.2189617794,22422.5281107682,29218.3564830514,2015-06-26
"2015.4849",25814.9347903391,23593.1581254694,28036.7114552087,22417.0206041975,29212.8489764807,2015-06-27
"2015.4877",25819.4493708192,23597.6727059496,28041.2260356888,22421.5351846776,29217.3635569608,2015-06-28
"2015.4904",25834.4081444033,23612.6314795336,28056.1848092729,22436.4939582617,29232.3223305449,2015-06-29
"2015.4932",25859.6173881852,23637.8407233155,28081.3940530548,22461.7032020435,29257.5315743268,2015-06-30
"2015.4959",25894.3340310274,23672.5573661578,28116.110695897,22496.4198448858,29292.248217169,2015-07-01
"2015.4986",25937.3644737341,23715.5878088645,28159.1411386037,22539.4502875925,29335.2786598757,2015-07-02
"2015.5014",25987.1888772144,23765.4122123448,28208.965542084,22589.2746910728,29385.103063356,2015-07-03
"2015.5041",26042.1022479625,23820.3255830929,28263.8789128321,22644.1880618209,29440.0164341041,2015-07-04
"2015.5068",26100.3623500596,23878.58568519,28322.1390149293,22702.448163918,29498.2765362013,2015-07-05
"2015.5096",26160.3337835572,23938.5571186876,28382.1104484268,22762.4195974156,29558.2479696988,2015-07-06
"2015.5123",26220.6175671347,23998.8409022651,28442.3942320044,22822.7033809931,29618.5317532763,2015-07-07
"2015.5151",26280.1562823133,24058.3796174437,28501.9329471829,22882.2420961717,29678.0704684549,2015-07-08
"2015.5178",26338.3062636527,24116.5295987831,28560.0829285223,22940.3920775111,29736.2204497943,2015-07-09
"2015.5205",26394.8703913392,24173.0937264695,28616.6470562088,22996.9562051975,29792.7845774808,2015-07-10
"2015.5233",26450.0876488185,24228.3109839489,28671.8643136881,23052.1734626769,29848.0018349601,2015-07-11
"2015.5260",26504.5785956586,24282.801930789,28726.3552605282,23106.664409517,29902.4927818002,2015-07-12
"2015.5288",26559.2490877509,24337.4724228813,28781.0257526206,23161.3349016093,29957.1632738925,2015-07-13
"2015.5315",26615.1577438948,24393.3810790252,28836.9344087644,23217.2435577532,30013.0719300364,2015-07-14
"2015.5342",26673.3555913719,24451.5789265023,28895.1322562416,23275.4414052303,30071.2697775135,2015-07-15
"2015.5370",26734.7088107771,24512.9321459075,28956.4854756467,23336.7946246355,30132.6229969187,2015-07-16
"2015.5397",26799.7173504645,24577.9406855948,29021.4940153341,23401.8031643229,30197.6315366061,2015-07-17
"2015.5425",26868.343236976,24646.5665721063,29090.1199018456,23470.4290508344,30266.2574231176,2015-07-18
"2015.5452",26939.8625607086,24718.085895839,29161.6392255782,23541.948374567,30337.7767468502,2015-07-19
"2015.5479",27012.7543138454,24790.9776489758,29234.530978715,23614.8401277038,30410.668499987,2015-07-20
"2015.5507",27084.6375111603,24862.8608462907,29306.4141760299,23686.7233250187,30482.5516973019,2015-07-21
"2015.5534",27152.2654093247,24930.488744455,29374.0420741943,23754.3512231831,30550.1795954663,2015-07-22
"2015.5562",27211.5822943962,24989.8056295266,29433.3589592659,23813.6681082546,30609.4964805378,2015-07-23
"2015.5589",27257.844422748,25036.0677578784,29479.6210876176,23859.9302366064,30655.7586088896,2015-07-24
"2015.5616",27285.8025140191,25064.0258491495,29507.5791788887,23887.8883278775,30683.7167001607,2015-07-25
"2015.5644",27289.9389711972,25068.1623063276,29511.7156360668,23892.0247850556,30687.8531573388,2015-07-26
"2015.5671",27264.7490203147,25042.9723554451,29486.5256851844,23866.8348341731,30662.6632064563,2015-07-27
"2015.5699",27205.0514919837,24983.2748271141,29426.8281568533,23807.1373058421,30602.9656781253,2015-07-28
"2015.5726",27106.3122559763,24884.5355911067,29328.0889208459,23708.3980698347,30504.2264421179,2015-07-29
"2015.5753",26964.9615732279,24743.1849083582,29186.7382380975,23567.0473870863,30362.8757593695,2015-07-30
"2015.5781",26778.6859950664,24556.9093301968,29000.462659936,23380.7718089248,30176.600181208,2015-07-31
"2015.5808",26546.6759968993,24324.8993320297,28768.452661769,23148.7618107577,29944.5901830409,2015-08-01
"2015.5836",26269.8122873397,24048.03562247,28491.5889522093,22871.8981011981,29667.7264734813,2015-08-02
"2015.5863",25950.7766105245,23728.9999456549,28172.5532753942,22552.8624243829,29348.6907966661,2015-08-03
"2015.5890",25594.0767112709,23372.3000464012,27815.8533761405,22196.1625251292,28991.9908974125,2015-08-04
"2015.5918",25205.9797452484,22984.2030803788,27427.756410118,21808.0655591068,28603.89393139,2015-08-05
"2015.5945",24794.3535212137,22572.5768563441,27016.1301860833,21396.4393350721,28192.2677073553,2015-08-06
"2015.5973",24368.4202538321,22146.6435889624,26590.1969187017,20970.5060676905,27766.3344399737,2015-08-07
"2015.6000",23938.4326599465,21716.6559950769,26160.2093248161,20540.5184738049,27336.3468460881,2015-08-08
"2015.6027",23515.286927232,21293.5102623624,25737.0635921016,20117.3727410904,26913.2011133736,2015-08-09
"2015.6055",23110.0910244913,20888.3143596217,25331.867689361,19712.1768383497,26508.0052106329,2015-08-10
"2015.6082",22733.709753058,20511.9330881884,24955.4864179276,19335.7955669164,26131.6239391996,2015-08-11
"2015.6110",22396.3096646841,20174.5329998145,24618.0863295537,18998.3954785425,25794.2238508257,2015-08-12
"2015.6137",22106.927372011,19885.1507071414,24328.7040368807,18709.0131858694,25504.8415581527,2015-08-13
"2015.6164",21873.083814147,19651.3071492774,24094.8604790166,18475.1696280054,25270.9980002886,2015-08-14
"2015.6192",21700.464757803,19478.6880929334,23922.2414226727,18302.5505716614,25098.3789439446,2015-08-15
"2015.6219",21592.6843421834,19370.9076773138,23814.4610070531,18194.7701560418,24990.5985283251,2015-08-16
"2015.6247",21551.1440163668,19329.3673514971,23772.9206812364,18153.2298302252,24949.0582025084,2015-08-17
"2015.6274",21574.9940361671,19353.2173712974,23796.7707010367,18177.0798500255,24972.9082223087,2015-08-18
"2015.6301",21661.1990934597,19439.42242859,23882.9757583293,18263.2849073181,25059.1132796013,2015-08-19
"2015.6329",21804.7039800642,19582.9273151945,24026.4806449338,18406.7897939226,25202.6181662058,2015-08-20
"2015.6356",21998.6897798191,19776.9131149495,24220.4664446888,18600.7755936775,25396.6039659608,2015-08-21
"2015.6384",22234.9062581157,20013.1295932461,24456.6829229853,18836.9920719741,25632.8204442573,2015-08-22
"2015.6411",22504.0621615073,20282.2854966377,24725.8388263769,19106.1479753657,25901.9763476489,2015-08-23
"2015.6438",22796.2522789141,20574.4756140445,25018.0289437837,19398.3380927725,26194.1664650557,2015-08-24
"2015.6466",23101.3985083821,20879.6218435124,25323.1751732517,19703.4843222405,26499.3126945237,2015-08-25
"2015.6493",23409.6818981698,21187.9052333002,25631.4585630394,20011.7677120282,26807.5960843114,2015-08-26
"2015.6521",23711.9436836425,21490.1670187729,25933.7203485121,20314.0294975009,27109.8578697841,2015-08-27
"2015.6548",24000.0356356742,21778.2589708046,26221.8123005438,20602.1214495326,27397.9498218158,2015-08-28
"2015.6575",24267.1034103625,22045.3267454929,26488.8800752321,20869.1892242209,27665.0175965041,2015-08-29
"2015.6603",24507.7908184874,22286.0141536178,26729.5674833571,21109.8766323458,27905.705004629,2015-08-30
"2015.6630",24718.3577426614,22496.5810777918,26940.134407531,21320.4435565198,28116.271928803,2015-08-31
"2015.6658",24896.7095169734,22674.9328521038,27118.4861818431,21498.7953308318,28294.623703115,2015-09-01
"2015.6685",25042.3406346421,22820.5639697724,27264.1172995117,21644.4264485005,28440.2548207837,2015-09-02
"2015.6712",25156.2003605316,22934.423695662,27377.9770254012,21758.28617439,28554.1145466732,2015-09-03
"2015.6740",25240.4919235133,23018.7152586437,27462.2685883829,21842.5777373717,28638.4061096549,2015-09-04
"2015.6767",25298.4202208292,23076.6435559596,27520.1968856988,21900.5060346876,28696.3344069708,2015-09-05
"2015.6795",25333.9052145134,23112.1285496438,27555.6818793831,21935.9910283718,28731.8194006551,2015-09-06
"2015.6822",25351.2793386724,23129.5026738028,27573.056003542,21953.3651525308,28749.193524814,2015-09-07
"2015.6849",25354.9872388825,23133.2105740129,27576.7639037521,21957.0730527409,28752.9014250241,2015-09-08
"2015.6877",25349.3050761098,23127.5284112402,27571.0817409794,21951.3908899682,28747.2192622514,2015-09-09
"2015.6904",25338.0945590911,23116.3178942215,27559.8712239608,21940.1803729495,28736.0087452327,2015-09-10
"2015.6932",25324.6039898643,23102.8273249947,27546.380654734,21926.6898037227,28722.5181760059,2015-09-11
"2015.6959",25311.3251299581,23089.5484650885,27533.1017948277,21913.4109438165,28709.2393160997,2015-09-12
"2015.6986",25299.9108610313,23078.1341961617,27521.6875259009,21901.9966748897,28697.8250471729,2015-09-13
"2015.7014",25291.1546765346,23069.378011665,27512.9313414043,21893.240490393,28689.0688626762,2015-09-14
"2015.7041",25285.0292480316,23063.252583162,27506.8059129013,21887.11506189,28682.9434341732,2015-09-15
"2015.7068",25280.7778877464,23059.0012228767,27502.554552616,21882.8637016048,28678.692073888,2015-09-16
"2015.7096",25277.0498693317,23055.2732044621,27498.8265342014,21879.1356831901,28674.9640554733,2015-09-17
"2015.7123",25272.0684176259,23050.2917527562,27493.8450824955,21874.1542314843,28669.9826037675,2015-09-18
"2015.7151",25263.8188281682,23042.0421632986,27485.5954930378,21865.9046420266,28661.7330143098,2015-09-19
"2015.7178",25250.2436651439,23028.4670002742,27472.0203300135,21852.3294790023,28648.1578512855,2015-09-20
"2015.7205",25229.4322934146,23007.6556285449,27451.2089582842,21831.518107273,28627.3464795562,2015-09-21
"2015.7233",25199.7930566125,22978.0163917428,27421.5697214821,21801.8788704709,28597.7072427541,2015-09-22
"2015.7260",25160.1981059686,22938.421441099,27381.9747708382,21762.283919827,28558.1122921102,2015-09-23
"2015.7288",25110.0930677512,22888.3164028816,27331.8697326208,21712.1788816096,28508.0072538928,2015-09-24
"2015.7315",25049.5662440888,22827.7895792191,27271.3429089584,21651.6520579472,28447.4804302304,2015-09-25
"2015.7342",24979.3746974153,22757.5980325457,27201.1513622849,21581.4605112737,28377.2888835569,2015-09-26
"2015.7370",24900.9272017584,22679.1505368888,27122.703866628,21503.0130156168,28298.8413879,2015-09-27
"2015.7397",24816.2264988437,22594.4498339741,27038.0031637134,21418.3123127021,28214.1406849853,2015-09-28
"2015.7425",24727.7754423851,22505.9987775155,26949.5521072547,21329.8612562435,28125.6896285267,2015-09-29
"2015.7452",24638.4533502504,22416.6766853808,26860.2300151201,21240.5391641088,28036.3675363921,2015-09-30
"2015.7479",24551.3701471079,22329.5934822383,26773.1468119776,21153.4559609663,27949.2843332495,2015-10-01
"2015.7507",24469.7066417162,22247.9299768466,26691.4833065859,21071.7924555746,27867.6208278578,2015-10-02
"2015.7534",24396.5495498465,22174.7728849768,26618.3262147161,20998.6353637049,27794.4637359881,2015-10-03
"2015.7562",24334.7296828069,22112.9530179373,26556.5063476766,20936.8154966653,27732.6438689485,2015-10-04
"2015.7589",24286.6711336333,22064.8944687637,26508.447798503,20888.7569474917,27684.5853197749,2015-10-05
"2015.7616",24254.2583857158,22032.4817208462,26476.0350505855,20856.3441995742,27652.1725718574,2015-10-06
"2015.7644",24238.7271279891,22016.9504631195,26460.5037928587,20840.8129418475,27636.6413141307,2015-10-07
"2015.7671",24240.5832735495,22018.8066086799,26462.3599384191,20842.6690874079,27638.4974596911,2015-10-08
"2015.7699",24259.55332516,22037.7766602904,26481.3299900297,20861.6391390184,27657.4675113016,2015-10-09
"2015.7726",24294.5678802939,22072.7912154243,26516.3445451636,20896.6536941523,27692.4820664356,2015-10-10
"2015.7753",24343.7787734569,22122.0021085873,26565.5554383265,20945.8645873153,27741.6929595985,2015-10-11
"2015.7781",24404.6091508171,22182.8324859475,26626.3858156868,21006.6949646755,27802.5233369587,2015-10-12
"2015.7808",24473.8346813744,22252.0580165047,26695.611346244,21075.9204952328,27871.748867516,2015-10-13
"2015.7836",24547.6931354681,22325.9164705985,26769.4698003377,21149.7789493265,27945.6073216097,2015-10-14
"2015.7863",24622.018700343,22400.2420354734,26843.7953652126,21224.1045142014,28019.9328864846,2015-10-15
"2015.7890",24692.3966430221,22470.6199781525,26914.1733078917,21294.4824568805,28090.3108291637,2015-10-16
"2015.7918",24754.33326159,22532.5565967204,26976.1099264596,21356.4190754484,28152.2474477316,2015-10-17
"2015.7945",24803.4354801629,22581.6588152932,27025.2121450325,21405.5212940213,28201.3496663045,2015-10-18
"2015.7973",24835.5939416704,22613.8172768008,27057.37060654,21437.6797555288,28233.508127812,2015-10-19
"2015.8000",24847.1630484319,22625.3863835622,27068.9397133015,21449.2488622903,28245.0772345735,2015-10-20
"2015.8027",24835.1311176361,22613.3544527664,27056.9077825057,21437.2169314945,28233.0453037777,2015-10-21
"2015.8055",24797.2736924205,22575.4970275509,27019.0503572902,21399.3595062789,28195.1878785621,2015-10-22
"2015.8082",24732.2831224715,22510.5064576019,26954.0597873411,21334.3689363299,28130.1973086131,2015-10-23
"2015.8110",24639.8678475101,22418.0911826405,26861.6445123798,21241.9536613685,28037.7820336517,2015-10-24
"2015.8137",24520.8154267193,22299.0387618497,26742.592091589,21122.9012405777,27918.729612861,2015-10-25
"2015.8164",24377.0142919175,22155.2376270479,26598.7909567871,20979.1001057759,27774.9284780591,2015-10-26
"2015.8192",24211.4304809679,21989.6538160983,26433.2071458376,20813.5162948263,27609.3446671095,2015-10-27
"2015.8219",24028.0372273375,21806.2605624678,26249.8138922071,20630.1230411959,27425.9514134791,2015-10-28
"2015.8247",23831.6972119132,21609.9205470436,26053.4738767828,20433.7830257716,27229.6113980548,2015-10-29
"2015.8274",23627.9994646301,21406.2227997605,25849.7761294998,20230.0852784885,27025.9136507718,2015-10-30
"2015.8301",23423.0552467949,21201.2785819253,25644.8319116645,20025.1410606533,26820.9694329365,2015-10-31
"2015.8329",23223.259633483,21001.4829686133,25445.0362983526,19825.3454473414,26621.1738196246,2015-11-01
"2015.8356",23035.0278102221,20813.2511453525,25256.8044750917,19637.1136240805,26432.9419963637,2015-11-02
"2015.8384",22864.5171463692,20642.7404814996,25086.2938112389,19466.6029602276,26262.4313325108,2015-11-03
"2015.8411",22717.3477520773,20495.5710872076,24939.1244169469,19319.4335659357,26115.2619382189,2015-11-04
"2015.8438",22598.3353170395,20376.5586521699,24820.1119819092,19200.4211308979,25996.2495031811,2015-11-05
"2015.8466",22511.25043765,20289.4737727804,24733.0271025197,19113.3362515084,25909.1646237916,2015-11-06
"2015.8493",22458.6182670987,20236.8416022291,24680.3949319684,19060.7040809571,25856.5324532403,2015-11-07
"2015.8521",22441.5711151212,20219.7944502516,24663.3477799908,19043.6569289796,25839.4853012628,2015-11-08
"2015.8548",22459.7645766333,20237.9879117637,24681.5412415029,19061.8503904917,25857.6787627749,2015-11-09
"2015.8575",22511.364933718,20289.5882688484,24733.1415985877,19113.4507475764,25909.2791198596,2015-11-10
"2015.8603",22593.1120637654,20371.3353988958,24814.8887286351,19195.1978776238,25991.026249907,2015-11-11
"2015.8630",22700.4580636368,20478.6813987672,24922.2347285065,19302.5438774952,26098.3722497785,2015-11-12
"2015.8658",22827.7774794361,20606.0008145665,25049.5541443057,19429.8632932945,26225.6916655777,2015-11-13
"2015.8685",22968.6406648902,20746.8640000205,25190.4173297598,19570.7264787486,26366.5548510318,2015-11-14
"2015.8712",23116.1376520334,20894.3609871637,25337.914316903,19718.2234658918,26514.051838175,2015-11-15
"2015.8740",23263.2362845872,21041.4596197175,25485.0129494568,19865.3220984456,26661.1504707288,2015-11-16
"2015.8767",23403.1555021011,21181.3788372314,25624.9321669707,20005.2413159595,26801.0696882427,2015-11-17
"2015.8795",23529.7328035659,21307.9561386963,25751.5094684355,20131.8186174243,26927.6469897075,2015-11-18
"2015.8822",23637.7642437534,21415.9875788838,25859.540908623,20239.8500576118,27035.678429895,2015-11-19
"2015.8849",23723.2959381956,21501.519273326,25945.0726030652,20325.381752054,27121.2101243372,2015-11-20
"2015.8877",23783.8480091359,21562.0713442663,26005.6246740056,20385.9338229943,27181.7621952775,2015-11-21
"2015.8904",23818.5551449662,21596.7784800966,26040.3318098358,20420.6409588246,27216.4693311078,2015-11-22
"2015.8932",23828.2123324811,21606.4356676114,26049.9889973507,20430.2981463395,27226.1265186227,2015-11-23
"2015.8959",23815.2196349422,21593.4429700726,26036.9962998119,20417.3054488006,27213.1338210838,2015-11-24
"2015.8986",23783.425837415,21561.6491725454,26005.2025022847,20385.5116512734,27181.3400235567,2015-11-25
"2015.9014",23737.8770157497,21516.10035088,25959.6536806193,20339.962829608,27135.7912018913,2015-11-26
"2015.9041",23684.4822227725,21462.7055579029,25906.2588876421,20286.5680366309,27082.3964089141,2015-11-27
"2015.9068",23629.6141287531,21407.8374638835,25851.3907936228,20231.6999426115,27027.5283148947,2015-11-28
"2015.9096",23579.6672210428,21357.8905561732,25801.4438859124,20181.7530349012,26977.5814071844,2015-11-29
"2015.9123",23540.5997180264,21318.8230531567,25762.376382896,20142.6855318848,26938.513904168,2015-11-30
"2015.9151",23517.4874076816,21295.710742812,25739.2640725513,20119.57322154,26915.4015938232,2015-12-01
"2015.9178",23514.1179890876,21292.341324218,25735.8946539573,20116.203802946,26912.0321752293,2015-12-02
"2015.9205",23532.6530856992,21310.8764208296,25754.4297505688,20134.7388995576,26930.5672718408,2015-12-03
"2015.9233",23573.3819330885,21351.6052682189,25795.1585979581,20175.4677469469,26971.2961192301,2015-12-04
"2015.9260",23634.585956307,21412.8092914374,25856.3626211767,20236.6717701654,27032.5001424486,2015-12-05
"2015.9288",23712.5272875862,21490.7506227166,25934.3039524558,20314.6131014446,27110.4414737278,2015-12-06
"2015.9315",23801.5670754334,21579.7904105637,26023.343740303,20403.6528892918,27199.481261575,2015-12-07
"2015.9342",23894.4116209177,21672.6349560481,26116.1882857874,20496.4974347761,27292.3258070594,2015-12-08
"2015.9370",23982.4764187306,21760.699753861,26204.2530836002,20584.562232589,27380.3906048722,2015-12-09
"2015.9397",24056.3505759298,21834.5739110602,26278.1272407995,20658.4363897882,27454.2647620714,2015-12-10
"2015.9425",24106.3373188147,21884.5606539451,26328.1139836843,20708.4231326731,27504.2515049563,2015-12-11
"2015.9452",24123.0408270092,21901.2641621396,26344.8174918788,20725.1266408676,27520.9550131508,2015-12-12
"2015.9479",24097.9658324571,21876.1891675875,26319.7424973267,20700.0516463155,27495.8800185987,2015-12-13
"2015.9507",24024.0945722033,21802.3179073336,26245.8712370729,20626.1803860617,27422.0087583449,2015-12-14
"2015.9534",23896.4059531319,21674.6292882623,26118.1826180015,20498.4917669903,27294.3201392735,2015-12-15
"2015.9562",23712.3042094348,21490.5275445651,25934.0808743044,20314.3900232931,27110.2183955764,2015-12-16
"2015.9589",23471.9288091331,21250.1521442635,25693.7054740027,20074.0146229915,26869.8429952747,2015-12-17
"2015.9616",23178.3236622075,20956.5469973379,25400.1003270771,19780.4094760659,26576.2378483491,2015-12-18
"2015.9644",22837.4514479793,20615.6747831097,25059.228112849,19439.5372618377,26235.365634121,2015-12-19
"2015.9671",22458.0476623515,20236.2709974818,24679.8243272211,19060.1334762099,25855.9618484931,2015-12-20
"2015.9699",22051.3182634405,19829.5415985709,24273.0949283102,18653.4040772989,25449.2324495822,2015-12-21
"2015.9726",21630.494004544,19408.7173396744,23852.2706694137,18232.5798184024,25028.4081906857,2015-12-22
"2015.9753",21210.2631196826,18988.486454813,23432.0397845522,17812.348933541,24608.1773058242,2015-12-23
"2015.9781",20806.111434611,18584.3347697413,23027.8880994806,17408.1972484694,24204.0256207526,2015-12-24
"2015.9808",20433.6047473231,18211.8280824535,22655.3814121927,17035.6905611815,23831.5189334647,2015-12-25
"2015.9836",20107.6520861081,17885.8754212385,22329.4287509777,16709.7378999665,23505.5662722497,2015-12-26
"2015.9863",19841.7899614969,17620.0132966273,22063.5666263665,16443.8757753553,23239.7041476385,2015-12-27
"2015.9890",19647.5268712349,17425.7502063653,21869.3035361046,16249.6126850933,23045.4410573765,2015-12-28
"2015.9918",19533.7841319452,17312.0074670756,21755.5607968149,16135.8699458036,22931.6983180868,2015-12-29
"2015.9945",19506.4637801808,17284.6871153111,21728.2404450504,16108.5495940392,22904.3779663224,2015-12-30
"2015.9973",19568.1671265638,17346.3904616942,21789.9437914334,16170.2529404222,22966.0813127054,2015-12-31
